0,1,2,3,4,5,6,7,8,9,10
,,,,,,,,,,
PORTAFOLIO TASTE ANDEAN REGION,,,,,,,,,,
,,,,,,,,,,
,,,,,,,,,,
,,,,,,,,,,
,,,,,,,,,,
,,,,,,,,,,
,,,,,,,,,,
,,,,,,,,,,
CATEGORY,DESCRIPTION,Application,C&D Comments,IPC,STATUS-LA,Dosage,SOLD LAST 12 MONTHS,SOLD BY,SHELF LIFE (MONTHS),PRODUCT TYPE
BEVERAGE,ALOE VERA FLAVORING,"Carbonated drinks, Tea beverage.","Grape, floral, pear ",10914592,NATURAL,0.07,YES,COLOMBIA ,12,CLEAR LIQUID 
BEVERAGE,ANIS LIQ. ACEITE ES. REPL, CSD. Alcoholic beverage ,"Anise, grape",1GG85017,NATURAL IDENTICAL ,0.06,YES,COLOMBIA ,12,CLEAR LIQUID 
BEVERAGE,ANISEED, CSD. Alcoholic beverage ,"Anise, floral",10649106,NATURAL IDENTICAL ,0.2,YES,COLOMBIA ,12,CLEAR LIQUID 
BEVERAGE,APPLE,,"Apple, Juice, ripe ",11153998,NATURAL,0.05,YES,COLOMBIA ,12,CLEAR LIQUID 
BEVERAGE,APPLE,"CSD, juice 10%, still beverage.","Apple, yellow, Juice ",13676327,NATURAL IDENTICAL ,0.03,YES,COLOMBIA ,9,CLEAR LIQUID 
BEVERAGE,APPLE FRUTTO TYPE,Fruit drink ,,11140134,NATURAL IDENTICAL ,0.0004,TO REVIEW,PERU ,12,LIQUID-NO ALCOHOL
BEVERAGE,APPLE FRUTTO TYPE,juice 10%,"Apple, red, pulp",11132673,NATURAL IDENTICAL ,0.08,YES,COLOMBIA ,12,CLEAR LIQUID 
BEVERAGE,APPLE GREEN,Still drinks/ flavored water ,,11084207,NATURAL IDENTICAL ,0.015-2.00%,TO REVIEW,PERU ,12,LIQUID-NO ALCOHOL
BEVERAGE,APPLE ICE FLAVOR ,Still drinks/ flavored water ,,11207381,ARTIFICIAL,0.0006,TO REVIEW,PERU ,12,LIQUID-NO ALCOHOL
BEVERAGE,APPLE NAT 4X,"Energy drink/ juice 10%, CSD, flavored water ","Apple, juice, Red ",11004199,NATURAL,0.06,YES,COLOMBIA ,12,CLEAR LIQUID 
BEVERAGE,BANANA,"juice 10%, Yogurt ","Banana sweet, caramel ",11081323,NATURAL IDENTICAL ,0.08,YES,COLOMBIA ,12,CLEAR LIQUID 
BEVERAGE,BEER PALE LARGER,"Still drinks/ flavored water/CSD, beer","Beer, malt, alcohol ",11018747,NATURAL IDENTICAL ,0.04,YES,COLOMBIA ,12,CLEAR LIQUID 
BEVERAGE,BLACK TEA ,"Tea flavored, still drinks",,10619762,NATURAL IDENTICAL ,0.0002,TO REVIEW,PERU ,12,CLEAR LIQUID 
BEVERAGE,BLACKBERRY,"Still drinks, cookies","Blackberry, fuity, pulp",10689637,ARTIFICIAL,0.4,YES,COLOMBIA ,12,CLEAR LIQUID 
BEVERAGE,BLACKBERRY EMULSION,"Still drinks/ flavored water/CSD, juice 10%","Blackberry, fuity, ripe",11051732,NATURAL IDENTICAL ,0.04,YES,COLOMBIA ,6,EMULSION
BEVERAGE,BLACKBERRY SD,"PSD, milk, plant base","Blackberry, fuity, pulp",11049548,NATURAL IDENTICAL ,0.08,YES,COLOMBIA ,12,POWDER
BEVERAGE,CAMU CAMU ,Energy drink/ juyce 10%,,11198627,NATURAL,0.0008,TO REVIEW,PERU ,12,LIQUID-NO ALCOHOL
BEVERAGE,CHERRY,"Still drinks/ flavored water/CSD, juice 10%","Cherry, caramelic, cinnamon",13686054,NATURAL,0.08,YES,COLOMBIA ,12,CLEAR LIQUID 
BEVERAGE,CINNAMON,"Still drinks/ flavored water/CSD, yogurt, candy ","Cinnamon, Candy, wood",10628713,NATURAL,0.06,YES,COLOMBIA ,12,CLEAR LIQUID 
BEVERAGE,CITRUS EMULSION,"Still drinks/ flavored water/CSD, juice 10%","Orange , lemon, mandarin",11092711,NATURAL IDENTICAL ,0.25,YES,COLOMBIA ,6,EMULSION
BEVERAGE,CITRUS PUNCH ST-V7,"Still drinks/ flavored water/CSD, juice 10%","Orange , lemon, mandarin",11077484,NATURAL IDENTICAL ,0.5,TO REVIEW,COLOMBIA ,6,EMULSION
BEVERAGE,CLOUDIFIER,"Still drinks/ flavored water/CSD, juice 10%",Cloudifier,11158482,NATURAL,0.15,YES,COLOMBIA ,9,EMULSION
BEVERAGE,CLOUDIFIER,"Still drinks/ flavored water/CSD, juice 10%",Cloudifier,10797369,NATURAL,0.3,YES,COLOMBIA ,6,EMULSION
BEVERAGE,COCO FLV BASE 360-009-04,"Still drinks/ flavored water/CSD, yogurt","Coconut, sweet, creamy ",1MM16821,ARTIFICIAL,0.08,YES,COLOMBIA ,9,CLEAR LIQUID 
BEVERAGE,COFFEE COLD BREW,still drinks,,11177869,NATURAL,0.001,TO REVIEW,PERU ,12,CLEAR LIQUID 
BEVERAGE,COLA EMULSION,CSD,"Cola, lime, vanilla ",11190620,NATURAL IDENTICAL ,0.05,YES,COLOMBIA ,12,EMULSION
BEVERAGE,COLA EMULSION ,Cola CSD,,11168160,NATURAL,0.0005,TO REVIEW,PERU ,6,LIQUID EMULSION
BEVERAGE,CRANBERRY,"Still drinks/ flavored water/CSD, yogurt","Cranberry, red, berry ",11172863,NATURAL,0.08,YES,COLOMBIA ,12,CLEAR LIQUID 
BEVERAGE,ENERGY,"CSD, Energy drink","Guarana, red fruit, berry",11087342,NATURAL IDENTICAL ,0.02,TO REVIEW,COLOMBIA ,12,CLEAR LIQUID 
BEVERAGE,FLAVORFIT SOUR MASKER,"CSD, Energy drink","Mask, acid",11067421,NATURAL,0.2,TO REVIEW,COLOMBIA ,12,CLEAR LIQUID 
BEVERAGE,FRUIT COCKTAIL,CSD,"Orange, pineapple",11066948,ARTIFICIAL,0.05,YES,COLOMBIA ,12,CLEAR LIQUID 
BEVERAGE,FRUIT PUNCH,"Still dink, juice 10%","Citrus, orange, banana",11037095,NATURAL IDENTICAL ,0.6,YES,COLOMBIA ,6,EMULSION
BEVERAGE,FRUIT PUNCH EMULSION HP,"Still dink, juice 10%, CSD","Citrus, orange, banana",10799821,ARTIFICIAL,0.05,YES,COLOMBIA ,12,CLEAR LIQUID 
BEVERAGE,GIN,"Still drinks/ flavored water/CSD, juice 10%","Lemon, ginger spice ",13690417,NATURAL IDENTICAL ,0.25,YES,COLOMBIA ,6,EMULSION
BEVERAGE,GINGER POWDER gz496-a1118,"csd, still drink, juice 10%",,´00072003,NATURAL,0.0008,TO REVIEW,PERU ,36,POWDER
BEVERAGE,GRAPE,Still drinks,,10747075,ARTIFICIAL,0.0004,TO REVIEW,PERU ,12,LIQUID-CONTAINS ALCOHOL
BEVERAGE,GRAPE,"Still dink, juice 10%, CSD","Grape, red, floral ",10781153,NATURAL IDENTICAL ,0.06,YES,COLOMBIA ,12,CLEAR LIQUID 
BEVERAGE,GRAPE,"Still dink, juice 10%, CSD, ice cream, yogurt","Grape, sweet, fermented",10694335,ARTIFICIAL,0.15,YES,COLOMBIA ,6,EMULSION
BEVERAGE,GRAPE,"Still dink, candy, CSD, ice cream, yogurt","Grape, concord, candy ",1GG85015,ARTIFICIAL,0.1,YES,COLOMBIA ,6,CLEAR LIQUID 
BEVERAGE,GRAPE ISABELLA,Still drinks,,11181444,NATURAL IDENTICAL ,0.0004,TO REVIEW,PERU ,12,LIQUID-NO ALCOHOL
BEVERAGE,GRAPE NAT ,Still drinks/ flavored water/CSD,,10750086	,NATURAL,0.0005,YES,PERU ,12,LIQUID-NO ALCOHOL
BEVERAGE,GRAPE NAT.,CSD,,11176143,NATURAL,0.0002,YES,PERU ,12,LIQUID-NO ALCOHOL
BEVERAGE,GRAPE POSTOBON TYPE,Carbonated drinks,,11124888,NATURAL,0.0011,TO REVIEW,PERU ,12,LIQUID-NO ALCOHOL
BEVERAGE,GRAPEFRUIT CLEARTEK+,Carbonated drinks,,11143880,NATURAL,0.001,YES,PERU ,9,"EMULSION, CLEAR"
BEVERAGE,GRAPEFRUIT CLEARTEK+,"Still drinks/ flavored water/CSD, yogurt","Grapefruit, peely, geranium",11043356,NATURAL IDENTICAL ,0.06,YES,COLOMBIA ,12,CLEAR LIQUID 
BEVERAGE,GRAPEFRUIT CLEARTEK+,"Still drinks/ flavored water/CSD, yogurt","Grapefruit, peely, albedo",11143880,NATURAL,0.07,YES,COLOMBIA ,12,CLEAR LIQUID 
BEVERAGE,GRAPEFRUIT EMULSION HP,"Still drinks/ flavored water/CSD, yogurt, candy ","Grapefruit, peely, orange",11062692,NATURAL,0.08,YES,COLOMBIA ,9,CLEAR LIQUID 
BEVERAGE,GREEN APPLE,"Still drinks/ flavored water/CSD, yogurt","Green, apple, juice, candy",13635760,NATURAL,0.1,TO REVIEW,COLOMBIA ,9,CLEAR LIQUID 
BEVERAGE,GUARANA,Carbonated drinks,,11084541,NATURAL,0.0008,TO REVIEW,PERU ,12,LIQUID-CONTAINS ALCOHOL
BEVERAGE,GUARANA,"Still dink, candy, CSD, ice cream, yogurt","Guarana, fruity, pinneaple",10649887,NATURAL IDENTICAL ,0.18,YES,COLOMBIA ,8,EMULSION
BEVERAGE,GUARANA ANTARCTICA  TYPE,Carbonated drinks,,10748620,NATURAL IDENTICAL ,0.0007,TO REVIEW,PERU ,12,LIQUID-CONTAINS ALCOHOL
BEVERAGE,GUARANA EXTRACT,Carbonated drinks,,10701068,NATURAL,0.001,YES,PERU ,18,EXTRACT - BOTANICAL
BEVERAGE,GUAVA ,"Still dink, juice 10%, CSD","Guava, orange strawberry",10780582,NATURAL,0.02,TO REVIEW,COLOMBIA ,12,CLEAR LIQUID 
BEVERAGE,HIBISCUS,Still drinks/ energy drinks,"Hibiscus, floral, astringent",11049820,NATURAL,0.02,YES,COLOMBIA ,12,CLEAR LIQUID 
BEVERAGE,IRISH CREAM,"Alcoholic bev, ice cream, coffee beverage","Irish, cream, chocolate",11021432,NATURAL,0.03,TO REVIEW,COLOMBIA ,12,CLEAR LIQUID 
BEVERAGE,JUICE MOUTHFEEL,"Still drinks/ flavored water/CSD, juice 10%","Juice, mouthfeel, masker",11146502,NATURAL,0.08,YES,COLOMBIA ,12,CLEAR LIQUID 
BEVERAGE,KOLA AMARILLA,CSD,,11194702,ARTIFICIAL,0.0003,YES,PERU ,12,CLEAR LIQUID 
BEVERAGE,KOLA CHAMPAGNE,"Still drinks/ flavored water/CSD, candy","Kola, champagne,red, vanilla",11025490,NATURAL IDENTICAL ,0.04,YES,COLOMBIA ,12,CLEAR LIQUID 
BEVERAGE,LEMON,Still drinks/ flavored water/CSD,"Lemon,orange, juice",11132134,NATURAL,0.1,YES,COLOMBIA ,9,EMULSION
BEVERAGE,LEMON,Still drinks/ flavored water/CSD,"Lemon, lime, juice",10606108,NATURAL IDENTICAL ,0.05,YES,COLOMBIA ,12,CLEAR LIQUID 
BEVERAGE,LEMON EMULSION,Still drinks/ flavored water/CSD,"Lemon, lemonade, juice ",10678566,NATURAL,0.1,YES,COLOMBIA ,9,EMULSION
BEVERAGE,LEMON LIME,Still drinks/ flavored water/CSD,"Lemon, lime, juice",11184166,NATURAL IDENTICAL ,0.05,YES,COLOMBIA ,12,CLEAR LIQUID 
BEVERAGE,LEMON LIME CLEARTEK+,Still drinks/ flavored water/CSD,"Lemon,lime, juice ",11045231,NATURAL,0.1,YES,COLOMBIA ,9,CLEAR LIQUID 
BEVERAGE,LEMON LIME CRYSTAL,Carbonated drinks,,10689918,NATURAL IDENTICAL ,0.0008,TO REVIEW,PERU ,12,"EMULSION, CLEAR"
BEVERAGE,LEMON NAT SD,"Still drinks/ flavored water/CSD, cracker","Lemon, lime, juice ",13659263,NATURAL,0.1,YES,COLOMBIA ,6,POWDER
BEVERAGE,LEMON TRU2CLEAR,Still drinks/ flavored water/CSD,"Lemon, lime, juice",11200578,NATURAL,0.05,YES,COLOMBIA ,9,CLEAR LIQUID 
BEVERAGE,LEMON TRU2CLEAR,Still drinks/ flavored water/CSD,"Lemon, lime, juice",11130227,NATURAL,0.05,YES,COLOMBIA ,9,CLEAR LIQUID 
BEVERAGE,LEMONADE CLEARTEK +,Still drinks/ flavored water/CSD,"Lemon, lime, juice",11028795,NATURAL,0.1,YES,COLOMBIA ,8,CLEAR LIQUID 
BEVERAGE,LEMONADE MEXICAN POWDER 2,Still drinks/ flavored water/CSD,"Lemon, lime, juice",10708379,NATURAL,0.15,YES,COLOMBIA ,9,POWDER
BEVERAGE,LIME,Instant soft drinks,,11165792,NATURAL IDENTICAL ,0.0003,TO REVIEW,PERU ,12,"SPRAY DRY, HIGH LOAD"
BEVERAGE,LIMON MANDARINO,"Energy drink, CSD, flavored water ","Limon, mandarino, juice",11100342,NATURAL,0.06,YES,COLOMBIA ,12,POWDER
BEVERAGE,LULO (NARANJILLA),"PSD, CSD, energy","Lulo, naranjilla, candy",11074392,NATURAL,0.1,TO REVIEW,COLOMBIA ,12,CLEAR LIQUID 
BEVERAGE,LYCHEE,"Still drinks/ flavored water/CSD, candy","Lychee, floral, guabana",10795535,NATURAL IDENTICAL ,0.05,YES,COLOMBIA ,12,CLEAR LIQUID 
BEVERAGE,MANDARIN,Instant soft drinks,,11054712,NATURAL IDENTICAL ,0.0005,TO REVIEW,PERU ,12,"SPRAY DRY, NO/LOW FAT"
BEVERAGE,MANDARIN,"PSD, CSD, yogurt, candy","Mandarin, juice, candy",11005556,NATURAL IDENTICAL ,0.025,TO REVIEW,COLOMBIA ,18,POWDER
BEVERAGE,MANDARIN EMULSION HP,Still drinks/ flavored water/CSD,"Mandarin, lemon, juice",10760419,NATURAL IDENTICAL ,0.025,YES,COLOMBIA ,6,EMULSION
BEVERAGE,MANDARIN FL SD,"Still drinks/ flavored water/CSD, PSD","Mandarin, peely, albedo",7BB18686,NATURAL,0.02,YES,COLOMBIA ,8,POWDER
BEVERAGE,MANDARINE ,Still drinks ,,11154342,NATURAL,0.0004,TO REVIEW,PERU ,9,LIQUID-NO ALCOHOL
BEVERAGE,MANGO,"Still drinks/ flavored water, yogurt","Mango, lemon, JUICE",10746863,NATURAL,0.3,YES,COLOMBIA ,12,CLEAR LIQUID 
BEVERAGE,MANGO,"Still drinks/ flavored water, yogurt","Mango, lemon, mature",11098788,NATURAL IDENTICAL ,0.07,YES,COLOMBIA ,12,CLEAR LIQUID 
BEVERAGE,MANGO LIVING,"Still drinks/ flavored water, yogurt, PSD","Mango, juice, caydy",10604401,NATURAL IDENTICAL ,0.1,YES,COLOMBIA ,12,CLEAR LIQUID 
BEVERAGE,MANGO SWEET,"csd, still drink, juice 10%",,11094557,NATURAL IDENTICAL ,0.07,TO REVIEW,PERU ,12,CLEAR LIQUID 
BEVERAGE,MELON,"Still drinks/ juice 10%, ","Melon, candy, green",10663686,ARTIFICIAL,0.08,YES,COLOMBIA ,12,CLEAR LIQUID 
BEVERAGE,MORA LIQUIDA 37H0502,Still drinks,,1GG85002,ARTIFICIAL,0.0012,YES,PERU ,9,LIQUID-CONTAINS ALCOHOL
BEVERAGE,MOUTHFEEL CLEARTEK+,Still drinks/ flavored water/CSD,Mouthfeel,11050452,NATURAL,0.02,YES,COLOMBIA ,9,HAZY LIQUID 
BEVERAGE,NAT GREEN TEA,Still drinks/ tea beverage,"Tea, green, astringent",10754716,NATURAL,0.05,TO REVIEW,COLOMBIA ,12,CLEAR LIQUID 
BEVERAGE,OAK EXTRACT,Alcoholic bev ,"Oak, extract, wood",13655037,NATURAL,0.05,TO REVIEW,COLOMBIA ,9,OPAQUE LIQUID
BEVERAGE,ORANGE,Still drinks,,11050391,NATURAL,0.0023,TO REVIEW,PERU ,9,"SPRAY DRY, NO/LOW FAT"
BEVERAGE,ORANGE,"Still drinks/ flavored water/CSD, yogurt","Orange, juice, lime",11212463,NATURAL,0.04,YES,COLOMBIA ,12,CLEAR LIQUID 
BEVERAGE,ORANGE,"Still drinks/ flavored water/CSD, yogurt","Orange, orange, juice, candy",10788654,NATURAL IDENTICAL ,0.2,YES,COLOMBIA ,6,EMULSION
BEVERAGE,ORANGE EMULSION,Still drinks,,10778571,NATURAL IDENTICAL ,0.005,TO REVIEW,PERU ,6,EMULSION
BEVERAGE,ORANGE EMULSION,"Still drinks/ flavored water/CSD, yogurt","Orange, juice, mature",11162298,NATURAL IDENTICAL ,0.15,YES,COLOMBIA ,6,EMULSION
BEVERAGE,ORANGE SD,Instant soft drinks,,10773143,NATURAL IDENTICAL ,0.0003,TO REVIEW,PERU ,12,"SPRAY DRY, NO/LOW FAT"
BEVERAGE,ORANGE SD V1,"Still drinks/ flavored water/CSD, yogurt","Orange, peely, albedo",11091028,NATURAL IDENTICAL ,0.07,YES,COLOMBIA ,12,POWDER
BEVERAGE,ORANGE TRUE2CLEAR,"Still drinks/ flavored water/CSD, yogurt","Orange, juice, caydy",11079260,NATURAL,0.17,YES,COLOMBIA ,9,CLEAR LIQUID 
BEVERAGE,PASSION FRUIT,"Still drinks/ flavored water/CSD, yogurt","Passion, fruit, juice, ripe",10621817,NATURAL,0.15,YES,COLOMBIA ,12,CLEAR LIQUID 
BEVERAGE,PASSIONFRUIT,"csd, energy drink, juice 10%",,11069769,NATURAL IDENTICAL ,0.001,TO REVIEW,PERU ,12,CLEAR LIQUID 
BEVERAGE,PASSIONFRUIT,"Still drinks/ flavored water/CSD, yogurt","Passionfruit, juice, candy",11136833,NATURAL IDENTICAL ,0.1,YES,COLOMBIA ,12,POWDER
BEVERAGE,PASSIONFRUIT,"Still drinks/ flavored water/CSD, yogurt, candy ","Passionfruit, juice, candy",11127601,NATURAL IDENTICAL ,0.1,YES,COLOMBIA ,12,POWDER
BEVERAGE,PASSIONFRUIT ,"Still drinks/ flavored water/CSD, juice 10%, candy ","Passinfruit, juice, mango ",10819696,NATURAL IDENTICAL ,0.1,YES,COLOMBIA ,9,CLEAR LIQUID 
BEVERAGE,PEACH,"CSD, still drink, juice 10%","Peach,skynny, sulfor",10672125,NATURAL IDENTICAL ,0.25,YES,COLOMBIA ,12,CLEAR LIQUID 
BEVERAGE,PEACH,"Still drinks/ flavored water/CSD, yogurt","Peach,skynny, sulfor",13651584,NATURAL IDENTICAL ,0.06,YES,COLOMBIA ,6,POWDER
BEVERAGE,PEACH,"Still drinks/ flavored water/CSD, yogurt","Peach,skynny, sulfor",11143699,NATURAL,0.05,YES,COLOMBIA ,12,CLEAR LIQUID 
BEVERAGE,PEACH ELEGANT LADY,"juice 10%, CSD, flavored water, tea flavored",,11031885,NATURAL IDENTICAL ,0.0005,YES,PERU ,12,CLEAR LIQUID 
BEVERAGE,PEAR NAT,Still drinks/ flavored water/CSD,,10608982,NATURAL,0.01-1.2%,TO REVIEW,PERU ,12,LIQUID-CONTAINS ALCOHOL
BEVERAGE,PEAR SD,Still drinks,,10768005,NATURAL IDENTICAL ,0.0003,YES,PERU ,12,"SPRAY DRY, NO/LOW FAT"
BEVERAGE,PINEAPPLE,"Still drinks/ flavored water/CSD, yogurt","Pineapple, juicy, pulpy",11131230,NATURAL IDENTICAL ,0.07,YES,COLOMBIA ,12,POWDER
BEVERAGE,PINEAPPLE,"CSD, still drink, juice 10%","Pineapple, juicy, pulpy",11062755,NATURAL,0.03,TO REVIEW,COLOMBIA ,12,CLEAR LIQUID 
BEVERAGE,PINEAPPLE GOLDEN,"csd, still drink, juice 10%",,11064104,NATURAL,0.00065,TO REVIEW,PERU ,12,CLEAR LIQUID 
BEVERAGE,PINEAPPLE GOLDEN,CSD,"Pineapple, juicy, jammy",11163623,NATURAL IDENTICAL ,0.05,TO REVIEW,COLOMBIA ,12,CLEAR LIQUID 
BEVERAGE,PINEAPPLE SD,"PSD, still beverage","Pineapple, candy, pulp ",11027419,NATURAL IDENTICAL ,0.06,YES,COLOMBIA ,12,POWDER
BEVERAGE,PINNEAPPLE SD (PULPIFRUTA),Instant soft drinks,,10639144,NATURAL IDENTICAL ,0.0005,TO REVIEW,PERU ,12,"SPRAY DRY, NO/LOW FAT"
BEVERAGE,PURPLE CORN,Still drinks/ flavored water/CSD,"Pineapple, cinnamon, clove ",11112114,NATURAL IDENTICAL ,0.03,YES,COLOMBIA ,9,CLEAR LIQUID 
BEVERAGE,RASPBERRY,"Tea flavored, still drinks",,11177853,NATURAL,0.0006,TO REVIEW,PERU ,12,CLEAR TO SLIGHTLY HAZY LIQUID (MAY CLOUD AND FORM FLOC UNDER REFRIGERATED)
BEVERAGE,RASPBERRY,"PSD, still beverage, cookies, jelly","Raspberry, red, fruit",10794001,NATURAL IDENTICAL ,0.05,YES,COLOMBIA ,12,POWDER
BEVERAGE,RED FRUITS,"Still bev, CSD, energy, milk ","Red, blackberry, cherry",11084788,NATURAL,0.025,YES,COLOMBIA ,12,CLEAR LIQUID 
BEVERAGE,RUM,"Still drinks/ flavored water/CSD, alcoholic ","Rum, woody, cognac",10604420,NATURAL IDENTICAL ,0.035,YES,COLOMBIA ,12,CLEAR LIQUID 
BEVERAGE,SALPICON SD,Still drinks/ flavored water/,"Banana, fruit mix, jammy",11156778,NATURAL IDENTICAL ,0.08,TO REVIEW,COLOMBIA ,12,POWDER
BEVERAGE,SOURSOP,Still drinks/ flavored water/CSD,"Soursop, creamy, fruit",11059468,ARTIFICIAL,0.03,TO REVIEW,COLOMBIA ,12,POWDER
BEVERAGE,STRAWBERRY,"Energy drink/ juice 10%, CSD, flavored water ",,11201717,NATURAL,0.0003,TO REVIEW,PERU ,12,CLEAR LIQUID 
BEVERAGE,STRAWBERRY,"Still drinks/ flavored water/isotonic, milk ","Strawberry, juice, fresh",11051413,NATURAL,0.08,YES,COLOMBIA ,12,CLEAR LIQUID 
BEVERAGE,TAHITI LEMON,"Energy drink, CSD, flavored water ",,11139340,NATURAL,0.0006,TO REVIEW,PERU ,9,CLEAR TO SLIGHTLY HAZY LIQUID
BEVERAGE,TAMARIND PULPY,"Still drinks/ flavored water/CSD, gum","Tamarind, pulpy, peel",13679775,NATURAL IDENTICAL ,0.05,YES,COLOMBIA ,12,CLEAR LIQUID 
BEVERAGE,TANGERINE,Carbonated drinks,,11119391,NATURAL IDENTICAL ,0.0015,TO REVIEW,PERU ,9,"EMULSION, CLEAR"
BEVERAGE,TEA BLACK DARJEELING,Still drinks/ tea beverage,"Tea, floral, black",11201413,NATURAL IDENTICAL ,0.04,TO REVIEW,COLOMBIA ,12,CLEAR LIQUID 
BEVERAGE,TONIC,CSD,"Tonic, grapefruit, citric ",11019179,NATURAL IDENTICAL ,0.05,YES,COLOMBIA ,12,CLEAR LIQUID 
BEVERAGE,WATERMELON,"Still drinks/ flavored water/CSD,candy, jelly, syrup","Watermelon, strawberry, lemon ",13629795,ARTIFICIAL,0.05,TO REVIEW,COLOMBIA ,12,CLEAR LIQUID 
BEVERAGE,GUAVA ,CSD ,"Guava, fruity, fresh ",10819542,NATURAL IDENTICAL ,0.15,YES,COLOMBIA ,9,CLEAR LIQUID 
BAKERY,CEREAL OAT,Cookies,"Bueno, pero aplicar en galleta. ",11186946,NATURAL IDENTICAL ,,TO REVIEW,PERU,12,LIQUID-CONTAINS ALCOHOL
BAKERY,CHOCOLATE DARK NAT,Muffins,Buen perfil.,11023855,NATURAL,0.004,YES,PERU,12,LIQUID-NO ALCOHOL
BAKERY,CHOCOLATE KINDER,muffins & cookies (11172340),"Bueno, validar IPC final.",10714542,ARTIFICIAL,0.002,YES,PERU,12,LIQUID-NO ALCOHOL
BAKERY,CUSTARD FLAN,"Biscuits, cookies, muffins",Probar en crema pastelera,11172857,NATURAL IDENTICAL ,0.004,TO REVIEW,PERU,6,"POWDER, NO/LOW FAT"
BAKERY,FINE HERBS  ,Crackers,Bueno.  Recomendar a Savory.,11170628,NATURAL,0.01,TO REVIEW,PERU,9,SEASONING BLEND
BAKERY,MAPLE,Muffins,"Muy bueno, sabe a lúcuma. ",11080964,NATURAL,0.003,YES,PERU,12,LIQUID-CONTAINS ALCOHOL
BAKERY,ORANGE,Muffins,Muy buena. ,13634737,NATURAL,0.002,YES,PERU,12,LIQUID-NO ALCOHOL
BAKERY,VANILLA,Muffins,Muy bueno. ,10641926,ARTIFICIAL,0.002,YES,PERU,12,LIQUID-CONTAINS ALCOHOL
BAKERY,VANILLA  CREAMY,Muffins,"Cremosa, buena. ",11158724,NATURAL IDENTICAL ,0.001,TO REVIEW,PERU,12,LIQUID-NO ALCOHOL
BAKERY,VANILLA,Baked goods,"Vanilla, creamy, sweet",13580855,ARTIFICIAL,0.1,YES,Colombia ,12,HAZY LIQUID
BAKERY,VANILLA,Baked goods,"Vanilla, dairy, milk ",11026676,ARTIFICIAL,0.2,YES,Colombia ,9,POWDER
BAKERY,SALT ENHANCER,"Plant base, biscuit, potato chips","Sal, Modulator, metalic ",11055028,NATURAL,0.5,YES,Colombia ,12,POWDER
BAKERY,MANTEQUILLA 37J2203 LIQ,"Biscuits, cookies, ice cream ","Butter, fatty, milk ",1GG85024,NATURAL IDENTICAL ,0.2,YES,Colombia ,12,CLEAR LIQUID
BAKERY,BANANA SD,"Cereal, soy beverage","Banana, sweet, pulpy ",10623640,NATURAL IDENTICAL ,0.2,YES,Colombia ,12,POWDER
BAKERY,GINGER CAKE FLAVOUR   NS K0912,"Filling, cookies ","Ginger, spicy, herb ",10810382,NATURAL IDENTICAL ,0.8,YES,Colombia ,12,HAZY LIQUID
BAKERY,RED BUN SPICE OIL,Bagels,"Spice, bread, red",13697195,NATURAL IDENTICAL ,0.5,YES,Colombia ,12,CLEAR LIQUID
BAKERY,SOUR CREAM & CHEESE,Crackers,"Cheese, cream, herbs",11136790,NATURAL,10,YES,Colombia ,9,POWDER
DAIRY,BANANA,"Avenas, modificadores lácteos y plant based",perfil a platano natural,11038473,NATURAL,0.12,YES,Peru,12,"SPRAY DRY, NO/LOW FAT"
DAIRY,CINNAMON,Bebidas lácteas ph neutro,Notas especiadas y dulces,10628713,NATURAL,0.1,YES,Peru,12,LIQUID-CONTAINS ALCOHOL
DAIRY,CONDENSED MILK,"Bebidas lácteas ph neutro, caramelos duros ","Buen perfil, lácteo, cremoso y dulce",11086960,NATURAL IDENTICAL ,0.15,YES,Peru,12,LIQUID-NO ALCOHOL
DAIRY,PINEAPPLE,"Yogurt, bebidas lacteas ph neutro","Sabor a piña golden, perfil natural",11061360,NATURAL,0.12,YES,Peru,12,LIQUID-CONTAINS ALCOHOL
DAIRY,STRAWBERRY CREAM SWEET,"Yogurt, caramelos duros, gomitas",Frutal y cremoso,11158422,NATURAL IDENTICAL ,0.05,TO REVIEW,Peru,12,LIQUID-NO ALCOHOL
DAIRY,CARAMEL,"Caramelos duros, bebidas lácteas ph neutro",Caramelico y notas cremosas,11177989,NATURAL,0.15,YES,Peru,12,LIQUID-NO ALCOHOL
DAIRY,CHOCOLATE  ,Bebidas lácteas ph neutro,Chocolate dark,11157992,NATURAL IDENTICAL ,0.1,TO REVIEW,Peru,12,LIQUID-CONTAINS ALCOHOL
DAIRY,CHOCOLATE ALPINO TYPE SO,"Modificador lácteo, bebidas lácteas ph neutro",Chocolate con leche,10749363,NATURAL IDENTICAL ,0.1,YES,Peru,9,"POWDER, NO/LOW FAT"
DAIRY,COCADA,"Caramelos duros, toffees, bebidas lácteas ph neutro","Dulce de coco, notas caramelicas",11125121,NATURAL IDENTICAL ,0.15,TO REVIEW,Peru,12,LIQUID-NO ALCOHOL
DAIRY,FRENCH VANILLA 2X,"Modificador lácteo, bebidas lácteas ph neutro",Vainilla Floral y final cremoso,11178162,ARTIFICIAL,0.25,TO REVIEW,Peru,12,"POWDER, NO/LOW FAT"
DAIRY,LUCUMA,"Caramelos duros, toffees, bebidas lácteas ph neutro","Perfil a lucuma artificial, harina de lucuma",11046243,NATURAL,0.1,TO REVIEW,Peru,12,LIQUID-NO ALCOHOL
DAIRY,PEACH ,"Yogurt, bebidas lacteas ph neutro","Frutal, final a pulpa de durazno",11192632,NATURAL,0.25,TO REVIEW,Peru,12,LIQUID-CONTAINS ALCOHOL
DAIRY,PEACH PULPY TYPE,"Yogurt, bebidas lacteas ph neutro",Pulpa de durazno,11040174,NATURAL,0.22,TO REVIEW,Peru,12,LIQUID-NO ALCOHOL
DAIRY,PEACH SUMMER LADY,"Yogurt, bebidas lacteas ph neutro",Perfil durazno Gloria,11126940,NATURAL,0.18,TO REVIEW,Peru,12,LIQUID-NO ALCOHOL
DAIRY,STRAWBERRY JUICE,"Modificador lácteo, bebidas lácteas ph neutro",Jugo de fresa,10604342,NATURAL IDENTICAL ,0.12,TO REVIEW,Peru,12,"SPRAY DRY, NO/LOW FAT"
DAIRY,VANILLA  1,"Postres instantaneos, bebidas lácteas ph neutro","Vainilla tipo flan, ideal para postres",11158725,NATURAL IDENTICAL ,0.15,TO REVIEW,Peru,12,"SPRAY DRY, NO/LOW FAT"
DAIRY,VANILLA OREO,Bebidas lácteas ph neutro,"Notas dulces, cremosas",11166433,ARTIFICIAL,0.15,TO REVIEW,Peru,12,LIQUID-CONTAINS ALCOHOL
DAIRY,CHOCOLATE TIPO MILO,Bebidas lácteas ph neutro,Notas a chocolate con leche,11163102,NATURAL,0.25,TO REVIEW,Peru,12,LIQUID-CONTAINS ALCOHOL
DAIRY,PINEAPPLE,"Yogurt, bebidas lacteas ph neutro",Perfil piña jugo (hawai),11150301,NATURAL IDENTICAL ,0.12,TO REVIEW,Peru,12,LIQUID-NO ALCOHOL
DAIRY,STRAWBERRY ,"Yogurt, bebidas lacteas ph neutro",Perfil fresa confitera (07021),11172869,NATURAL IDENTICAL ,0.09,TO REVIEW,Peru,12,LIQUID-NO ALCOHOL
DAIRY,STRAWBERRY  CREAMY,"Yogurt, bebidas lacteas ph neutro",Perfil a jugo de fresa,11066060,NATURAL,0.12,TO REVIEW,Peru,12,LIQUID-NO ALCOHOL
DAIRY,BLUEBERRY SUPERB NAT,"Yogurt, caramelos duros, gomitas",Perfil para confitería,10623852,NATURAL,0.08,YES,Peru,12,LIQUID-CONTAINS ALCOHOL
DAIRY,MIX BERRIES,"Yogurt, caramelos duros, gomitas",Perfil mix de berries,10640863,NATURAL,0.1,YES,Peru,9,LIQUID-CONTAINS ALCOHOL
DAIRY,VANILLA CREAM ,"Modificador lácteo, bebidas lácteas ph neutro",Perfil a vainilla cremosa,11169287,NATURAL IDENTICAL ,0.08,TO REVIEW,Peru,12,"POWDER, NO/LOW FAT"
DAIRY,VANILLA CREAMY,"Modificador lácteo, bebidas lácteas ph neutro",Perfil a vainilla con notas lacteas,11166351,NATURAL IDENTICAL ,0.08,TO REVIEW,Peru,12,"POWDER, NO/LOW FAT"
DAIRY,STRAWBERRY SD,"Modificador lácteo, bebidas lácteas ph neutro",Perfil a fresa natural,11195638,NATURAL IDENTICAL ,0.08,TO REVIEW,Peru,12,"SPRAY DRY, NO/LOW FAT"
DAIRY,VANILLA,"Modificador lácteo, bebidas lácteas ph neutro",Notas a vainilla dulce,11204243,NATURAL,0.08,TO REVIEW,Peru,12,"SPRAY DRY, NO/LOW FAT"
DAIRY,STRAWBERRY SD,"Modificador lácteo, bebidas lácteas ph neutro",Frutal a jugo de fresa,11169380,NATURAL IDENTICAL ,0.08,TO REVIEW,Peru,12,"SPRAY DRY, NO/LOW FAT"
DAIRY,BLACKBERRY SD,"Modificador lácteo, bebidas lácteas ph neutro",Mora de castilla,11214328,NATURAL IDENTICAL ,0.08,TO REVIEW,Peru,12,"SPRAY DRY, NO/LOW FAT"
DAIRY,PEACH,"Yogurt, bebidas lacteas ph neutro",Pulpa de durazno,11053768,NATURAL,0.12,TO REVIEW,Peru,12,LIQUID-CONTAINS ALCOHOL
DAIRY,BLACKBERRY,"Yogurt, bebidas lacteas ph neutro",Mora de castilla,11036624,NATURAL,0.1,TO REVIEW,Peru,12,LIQUID-NO ALCOHOL
DAIRY,BLACKBERRY,"Yogurt, bebidas lacteas ph neutro",Mora artificial,11032758,NATURAL IDENTICAL ,0.1,YES,Peru,12,LIQUID-NO ALCOHOL
DAIRY,CHERRY II,"Yogurt, bebidas lacteas ph neutro",Perfil a marrasquino natural,11123101,NATURAL IDENTICAL ,0.14,TO REVIEW,Peru,9,SEASONING BLEND
DAIRY,ACID MASKER,"Milk, yogurt, ketchup","Masker, modulator",11124987,NATURAL IDENTICAL ,0.1,TO REVIEW,Colombia ,9,EMULSION  
DAIRY,ALMOND,"Milk, soy, UHT","Almond, rosted, nut",11032058,NATURAL,0.05,YES,Colombia ,12,CLEAR LIQUID 
DAIRY,ALMOND,"Pant base, dips, fermented","Almond, tosted, vanilla",11201519,NATURAL,0.05,YES,Colombia ,12,DARK LIQUID
DAIRY,APPLE GREEN,"Milk, yogurt, candy","Green apple, pulp, herbal ",10632843,NATURAL,0.06,TO REVIEW,Colombia ,12,CLEAR LIQUID 
DAIRY,APRICOT FLAVORING,"Yogurt, milk ","Appricot, jammy, skinny",10924790,NATURAL,0.07,TO REVIEW,Colombia ,12,CLEAR LIQUID 
DAIRY,PEACH,"Yogurt, milk ","Peach, Fuzzy, Pulp",10819367,NATURAL IDENTICAL ,0.1,YES,Colombia ,9,CLEAR LIQUID 
DAIRY,CHOCOLATE,"Yogurt, milk, ice cream, UHT, snacks cookes ","Chocolate, cocoa, bitter",1R578315,ARTIFICIAL,0.08,YES,Colombia ,12,HAZY LIQUID
DAIRY,PEACH FL,"Yogurt, milk, ice cream, UHT, Beverage, Tea","Peach, ripe, floral ",1R532801,NATURAL IDENTICAL ,0.05,YES,Colombia ,9,CLEAR LIQUID 
DAIRY,BANANA,"Yogurt, milk, ice cream, Beverage ","Banana, Fruity, Daiy ",10609180,NATURAL,0.08,TO REVIEW,Colombia ,12,CLEAR LIQUID 
DAIRY,BISCUIT,"Yogurt, milk, ice cream, Pudding, Dessert","Biscuit, Cookie, Vanilla ",13696801,NATURAL IDENTICAL ,0.07,TO REVIEW,Colombia ,12,CLEAR LIQUID 
DAIRY,BLACKBERRY,"Yogurt, beverage ","Blackberry, Floral, Fruity",11032758,ARTIFICIAL,0.04,YES,Colombia ,12,CLEAR LIQUID 
DAIRY,BLACKBERRY,"Yogurt, beverage ","Blackberry, Floral, juicy ",11016366,ARTIFICIAL,0.02,YES,Colombia ,12,POWDER
DAIRY,BLUBERRY SUPERB NAT,"Milk, ice cream, candy ","Bluberry, acai, grape ",10623852,NATURAL,0.08,YES,Colombia ,12,CLEAR LIQUID 
DAIRY,BROWN SUGAR,"Yogurt, cookies, candy ","Brown, sweet, brown ",10627090,NATURAL IDENTICAL ,0.03,TO REVIEW,Colombia ,6,CLEAR LIQUID 
DAIRY,CAPPUCCINO,"Milk, ice cream, candy ","Cappuccino, Coffee, vanilla ",11162838,NATURAL IDENTICAL ,0.06,YES,Colombia ,12,CLEAR LIQUID 
DAIRY,CHOCOLATE,"Milk, ice cream, candy, gum ","Chocolate, milk, dark ",13517872,ARTIFICIAL,0.05,YES,Colombia ,12,HAZY LIQUID
DAIRY,CHOCOLATE ALPINA TYPE,"Milk, dessert","Chocolate, cocoa, vanilla",11070372,NATURAL IDENTICAL ,0.15,YES,Colombia ,12,VISCOUS LIQUID 
DAIRY,COCONUT,"Milk, ice cream, candy, gum, yogurt","Coconut, soapy, vanilla ",10621043,NATURAL IDENTICAL ,0.05,YES,Colombia ,12,CLEAR LIQUID 
DAIRY,COFFEE,"Milk, ice cream, candy, plant base, yogurt","Coffee, toasted, molases",13664456,NATURAL IDENTICAL ,0.1,YES,Colombia ,12,POWDER
DAIRY,CONDENSED MILK,"Milk, dessert","Condensed milk, sweet, caramel",11086960,NATURAL IDENTICAL ,0.15,YES,Colombia ,12,CLEAR LIQUID 
DAIRY,CREAMY BUTTER,"Milk, ice cream, margarin","Creamy, butter, caramel",13641120,NATURAL IDENTICAL ,0.06,YES,Colombia ,9,CLEAR LIQUID 
DAIRY,DULCE DE LECHE,"Yogurt, crackers, milk ","Toffee, sweet, caramel ",11114478,NATURAL,0.06,YES,Colombia ,12,DARK LIQUID
DAIRY,FRENCH VANILLA,"Milk, candy","Vanilla, cream, woody ",13548453,ARTIFICIAL,0.05,YES,Colombia ,12,CLEAR LIQUID 
DAIRY,GRAPE,"Milk, ice cream, candy, gum, yogurt","Grape, pulpy, ripe ",10695888,NATURAL IDENTICAL ,0.05,TO REVIEW,Colombia ,18,CLEAR LIQUID 
DAIRY,HAZELNUT FLV,"Milk, ice cream, plant base, yogurt","Hazelnut, woody, vanilla ",11029724,NATURAL IDENTICAL ,0.03,YES,Colombia ,9,CLEAR LIQUID 
DAIRY,MILK EXCL,"Milk, soy base, cheese","Milk, creamy, cooked ",13677282,NATURAL IDENTICAL ,0.05,YES,Colombia ,12,CLEAR LIQUID 
DAIRY,MILK MODULATOR LIQ,Plant base ,"Milk, creamy, mouthfeel ",11178180,NATURAL,0.08,YES,Colombia ,12,HAZY LIQUID
DAIRY,MIX BERRIES,"Milk, ice cream, candy, jelly ","Raspberry, strawberry, red fruits",10640863,NATURAL,0.05,YES,Colombia ,9,CLEAR LIQUID 
DAIRY,NARANJILLA ( LULO),"Milk, beverage juice ","Lulo, green, juice ",11023165,NATURAL IDENTICAL ,0.06,YES,Colombia ,12,CLEAR LIQUID 
DAIRY,PEACH,"Milk, ice cream, candy, gum, yogurt","Peach, skinny, candy ",1RR02309,NATURAL IDENTICAL ,0.05,YES,Colombia ,12,CLEAR LIQUID 
DAIRY,ORANGE FL LVP,"Milk, jelly","Orange, juicy, pulpy ",10699337,NATURAL IDENTICAL ,0.1,YES,Colombia ,12,CLEAR LIQUID 
DAIRY,PASSION FRUIT,"Milk, yogurt","Passion fruit, tropical, juicy ",11155945,NATURAL,0.1,YES,Colombia ,12,CLEAR LIQUID 
DAIRY,PEACH SUMMER LADY,"Milk, yogurt","Peach, jammy, seed ",11051486,NATURAL IDENTICAL ,0.12,YES,Colombia ,12,CLEAR LIQUID 
DAIRY,PITAHAYA,"Milk, yogurt, ice cream","Pitahaya, Guanabana, lychee",10630933,NATURAL IDENTICAL ,0.15,YES,Colombia ,12,CLEAR LIQUID 
DAIRY,RASPBERRY FRAMBY,"Milk, yogurt, ice cream, beverage juice ","Raspberry, violet, red",10665468,NATURAL IDENTICAL ,0.03,YES,Colombia ,12,CLEAR LIQUID 
DAIRY,STRAWBERRY,"Milk, yogurt, ice cream","Strawberry, green, juicy",10724486,NATURAL IDENTICAL ,0.05,YES,Colombia ,12,CLEAR LIQUID 
DAIRY,STRAWBERRY,"Milk, filling cookies ","Strawberry, jammy, ripe",13668443,ARTIFICIAL,0.05,YES,Colombia ,12,CLEAR LIQUID 
DAIRY,STRAWBERRY TIP,"Milk, yogurt, ice cream","Strawberry, jammy, riped ",11060660,NATURAL,0.05,YES,Colombia ,12,CLEAR LIQUID 
DAIRY,VANILLA,"Milk, yogurt, ice cream, biscuit ","Vanilla, sweet, creamy ",1GG65016,ARTIFICIAL,0.2,YES,Colombia ,11,POWDER
DAIRY,VANILLA,"Yogurt, plant base ","Vanilla, sweet, creamy ",11157239,ARTIFICIAL,0.1,YES,Colombia ,12,POWDER
DAIRY,VANILLA CREAM,"Milk, yogurt, ice cream","Vanilla, creamy, burnt ",10606571,NATURAL IDENTICAL ,0.07,YES,Colombia ,12,DARK LIQUID
DAIRY,VANILLA EXTRACT  BOURBON 2X,"Milk, yogurt, ice cream","Vanilla, bourbon, caramel ",13657466,ARTIFICIAL,0.07,YES,Colombia ,12,CLEAR LIQUID 
DAIRY,VANILLA FLAVOUR JM 147B,"Yogurt, plant base ","Vanilla, creamy, sweet",13632273,ARTIFICIAL,0.2,YES,Colombia ,9,DARK LIQUID
DAIRY,"COCONUT, TOASTED","Milk, yogurt, ice cream","Coconut, toasted, sweet",13642110,ARTIFICIAL,0.1,TO REVIEW,Colombia ,12,CLEAR LIQUID 
DAIRY,PINEAPPLE,Milk Yogurt,"Pineapple, juice, caramelic",11010897,NATURAL,0.04,YES,Colombia ,12,CLEAR LIQUID 
DAIRY,COFFEE SD,"Dairy, plant base, yogurt","Coffee, capuchino, vanilla",11170265,NATURAL IDENTICAL ,0.2,YES,Colombia ,12,POWDER BLEND 
BARS & CONFECTIONARY,GUANABANA,Candy,"Soursup, fruity, milk ",10819589,ARTIFICIAL,0.03,YES,Colombia ,9,CLEAR LIQUID 
BARS & CONFECTIONARY,MAPLE,"Dip, cereal, Pancake","Maple, Vanilla, Butter ",1M516785,NATURAL IDENTICAL ,0.2,YES,Colombia ,12,HAZY LIQUID
BARS & CONFECTIONARY,CHERRY,"Candy, gum, Beverage ","Cherry, candy, juice ",13647450,NATURAL IDENTICAL ,0.08,YES,Colombia ,9,CLEAR LIQUID 
BARS & CONFECTIONARY,APPLE,"Candy, gum, cookies","Apple, green, juicy ",13601942,NATURAL IDENTICAL ,0.3,YES,Colombia ,12,CLEAR LIQUID 
BARS & CONFECTIONARY,APPLE CINAMMON,"Candy, gum, cookies","Apple, cinnamon, caramel ",11155923,NATURAL IDENTICAL ,1,YES,Colombia ,12,CLEAR LIQUID 
BARS & CONFECTIONARY,BUTTER V-32255,"Cookies, Margarina ","Butter creamy, vanilla ",11172835,NATURAL IDENTICAL ,0.05,YES,Colombia ,12,CLEAR LIQUID 
BARS & CONFECTIONARY,BUTTERTOFFEE,Candy ,"Toffee, milk, caramel ",10752380,ARTIFICIAL,0.4,YES,Colombia ,12,CLEAR LIQUID 
BARS & CONFECTIONARY,CAFE LIQUIDO 37J1012,"Candy, Milk, cookies ","Coffee, toasted, fresh ",1GG85012,NATURAL IDENTICAL ,0.5,YES,Colombia ,12,CLEAR LIQUID 
BARS & CONFECTIONARY,CINNAMON ROLLS WITH SWEET CREAM,"Pop corn, crackers, milk ","Cinnamon, creamy, cookies ",10655705,NATURAL IDENTICAL ,0.1,YES,Colombia ,12,CLEAR LIQUID 
BARS & CONFECTIONARY,COCONUT,"Biscuit, cookies ","Coconut, creamy, milk ",13554518,ARTIFICIAL,0.03,YES,Colombia ,12,CLEAR LIQUID 
BARS & CONFECTIONARY,CONDENSED MILK,"Biscuit, cookies, candy, milk ","Milk, caramelic, almond ",10819714,NATURAL IDENTICAL ,0.4,YES,Colombia ,12,CLEAR LIQUID 
BARS & CONFECTIONARY,LULO CONCENTRATED,"Nuts, candy, gum","Lulo, floral, kiwi ",13658297,ARTIFICIAL,0.08,YES,Colombia ,12,CLEAR LIQUID 
BARS & CONFECTIONARY,MINT,"Gum, toothpaste, ice cream","Mint, peppermint, fresh ",10644531,ARTIFICIAL,1,YES,Colombia ,12,CLEAR LIQUID 
BARS & CONFECTIONARY,MINT,"Gum, toothpaste, yogurt","Mint, Spearmint, eucalipthol ",13692297,NATURAL IDENTICAL ,1,YES,Colombia ,12,CLEAR LIQUID 
BARS & CONFECTIONARY,MINT PEPPERMINT,"Gum, candy ","Spearmint, herbal, fresh ",10613844,NATURAL,0.5,YES,Colombia ,12,POWDER
BARS & CONFECTIONARY,MOUTHWATERING,"Gum, candy ","Fresh, mint,",11031072,NATURAL IDENTICAL ,0.2,YES,Colombia ,12,POWDER
BARS & CONFECTIONARY,ORANGE FL SD,"Jelly, Candy ","Orange, juicy, fresh ",7BB04340,ARTIFICIAL,0.08,YES,Colombia ,6,POWDER
BARS & CONFECTIONARY,TUTTI FRUITTI,"Gum, candy ","Titti fruitti, orange, banana ",10743100,ARTIFICIAL,0.6,YES,Colombia ,12,CLEAR LIQUID 
BARS & CONFECTIONARY,WATERMELON,"Gum, candy, dessert ","Watermelon, red, sweet",10622817,ARTIFICIAL,1,YES,Colombia ,12,CLEAR LIQUID 
BARS & CONFECTIONARY,WATERMELON,"Gum, candy, toothpaste, ice cream ","Watermelon, melon, lemon ",13629795,ARTIFICIAL,0.5,YES,Colombia ,12,CLEAR LIQUID 
BARS & CONFECTIONARY,CHOCOLATE,"Cookies, cereal, fruit ","Chocolate, dark, cream ",11077872,NATURAL IDENTICAL ,0.35,YES,Colombia ,12,CLEAR LIQUID 
BARS & CONFECTIONARY,STRAWBERRY,"Cereal, cookies snacks ","Strawberry, creamy, milky ",13696993,NATURAL IDENTICAL ,0.3,YES,Colombia ,12,CLEAR LIQUID 
BARS & CONFECTIONARY,APPLE,"Refresco en polvo, gelatina, avena, bebidas plant based",Perfil a manzana verde,11129727,NATURAL,0.12,TO REVIEW,Peru,12,"SPRAY DRY, NO/LOW FAT"
BARS & CONFECTIONARY,GRAPE,"Caramelos duros, gomitas ",Perfil a uva confitera,10636627,NATURAL,0.1,YES,Peru,12,LIQUID-NO ALCOHOL
BARS & CONFECTIONARY,LEMON,"Gelatina, refrescos en polvo","Limon citral, notas citricas",11151237,NATURAL,0.12,TO REVIEW,Peru,9,"SPRAY DRY, NO/LOW FAT"
BARS & CONFECTIONARY,MINT,"Caramelos duros, gomitas ",Menta natural,11164726,NATURAL IDENTICAL ,0.15,TO REVIEW,Peru,12,LIQUID-NO ALCOHOL
BARS & CONFECTIONARY,PERUVIAN LIME,"Gelatina, refrescos en polvo",Notas a limon zeste,11131041,NATURAL,0.13,TO REVIEW,Peru,12,"SPRAY DRY, NO/LOW FAT"
BARS & CONFECTIONARY,PINEAPPLE,"Yogurt, bebidas lacteas ph neutro","Sabor a piña golden, perfil natural",11061360,NATURAL,0.12,YES,Peru,12,LIQUID-CONTAINS ALCOHOL
BARS & CONFECTIONARY,STRAWBERRY CREAM SWEET,"Yogurt, caramelos duros, gomitas",Frutal y cremoso,11158422,NATURAL IDENTICAL ,0.05,TO REVIEW,Peru,12,LIQUID-NO ALCOHOL
BARS & CONFECTIONARY,CARAMEL,"Caramelos duros, bebidas lácteas ph neutro",Caramelico y notas cremosas,11177989,NATURAL,0.15,YES,Peru,12,LIQUID-NO ALCOHOL
BARS & CONFECTIONARY,COCADA,"Caramelos duros, toffees, bebidas lácteas ph neutro","Dulce de coco, notas caramelicas",11125121,NATURAL IDENTICAL ,0.15,TO REVIEW,Peru,12,LIQUID-NO ALCOHOL
BARS & CONFECTIONARY,LUCUMA,"Caramelos duros, toffees, bebidas lácteas ph neutro","Perfil a lucuma artificial, harina de lucuma",11046243,NATURAL,0.1,TO REVIEW,Peru,12,LIQUID-NO ALCOHOL
BARS & CONFECTIONARY,STRAWBERRY SD,"Gelatina, refrescos en polvo",Perfil gelatinero,11195828,ARTIFICIAL,0.08,TO REVIEW,Peru,12,"SPRAY DRY, NO/LOW FAT"
BARS & CONFECTIONARY,STRAWBERRY SD 1+1,"Gelatina, refrescos en polvo",Fresa con notas a berries,11171351,NATURAL IDENTICAL ,0.12,TO REVIEW,Peru,12,"SPRAY DRY, NO/LOW FAT"
SNACKS,AJI  AMAZONAS ,Fried Snacks,"Sabor muy agradable.Perfil picante, con buena salida.",11193437,NATURAL IDENTICAL ,0.05,TO REVIEW,PERU,9,SEASONING BLEND
SNACKS,BUFFALO SAUCE  A,Fried Snacks," Sabor queso,con notas picantes.Recuerda a un queso cremoso, ligeramente ácido.No es cheddar ni parmesano..Puede ser opción de un tipo de queso.",11166753,NATURAL,0.08,TO REVIEW,PERU,9,SEASONING BLEND
SNACKS,CARNE A LA LLANERA,Fried Snacks/ extruded snacks," Sabor muy agradable.Sensación de carne de cecina.Notas cárnicas,ahumadas,especiado, no tan animal. ",11216077,NATURAL IDENTICAL ,0.05,TO REVIEW,PERU,9,SEASONING BLEND
SNACKS,CHEDDAR BUTTER,Fried Snacks/ extruded snacks," Sabor muy agradable.Queso cheddar caracteristico con notas de mantequilla.Nos lleva a  un"" Cheese tris"".Hay una versión de IPC con colores que dan tonalidad anaranjada",11164513,NATURAL IDENTICAL ,0.13,TO REVIEW,PERU,9,SEASONING BLEND
SNACKS,GARLIC HERB RED  PEPPER NAT V,Fried Snacks,"Sabor agradable.Notas marcadas de ajos,con notas cremosas y especias Se probó al 8% sale aromatico romero,picante,cremoso,aliaceo.Se puede bajar dosis. ",11215457,NATURAL,0.08,TO REVIEW,PERU,9,SEASONING BLEND
SNACKS,GARLIC HERB RED  PEPPER NAT V,Fried Snacks,"Sabor agradable.Notas marcadas de ajos,con notas cremosas y especias. ",11143457,NATURAL,0.08,TO REVIEW,PERU,12,SEASONING BLEND
SNACKS,PIMIENTOS VERDES I,Fried Snacks,Olor a jalapeño. Sabor caracteristico de pimiento verde. Agradable.Sensación del cuerpo del pimiento.No tiene mucha salida.,11159335,NATURAL IDENTICAL ,0.08,TO REVIEW,PERU,9,SEASONING BLEND
SNACKS,TOMATE & ALBAHACA R,Fried Snacks/ extruded snacks,Predominancia a albahaca con ligera sancion a tomate,11149290,NATURAL,0.06,TO REVIEW,PERU,9,SEASONING BLEND
SNACKS,MEAT(PICANHA),Fried Snacks/ extruded snacks,Sabor muy agradable  carne ahumada.,11162612,NATURAL IDENTICAL ,0.04,TO REVIEW,PERU,9,POWDER NO/LOW FAT
SNACKS,CHIPOTLE BARBECUE I.2,Fried Snacks/ extruded snacks,"Sabor picante, cono notas de tomate marcado.Rico(Extruidos por  slurry)",11173861,NATURAL IDENTICAL ,0.06,TO REVIEW,PERU,9,SEASONING BLEND
SNACKS,BARBECUE,Fried Snacks/ extruded snacks, Sabor caracteristico dulce tomate humo,11188817,NATURAL IDENTICAL ,0.07,TO REVIEW,PERU,9,SEASONING BLEND
SNACKS,CHILE LIME BLUE,Fried Snacks/ extruded snacks,"Acido ,Picante, con color azúl",11191793,ARTIFICIAL,0.09,TO REVIEW,PERU,9,SEASONING BLEND
SNACKS,NACHO SEASONING,"Chips, tortilla ","Cheese, jalapeño, onion ",11051344,NATURAL,8,YES,COLOMBIA ,6,SEASONING BLEND
SNACKS,NACHO CHEESE SEASONING,Extruded sancks ,"Cheese, jalapeño, onion ",11052070,ARTIFICIAL,8,YES,COLOMBIA ,9,SEASONING BLEND
SNACKS,SOUR CREAM & ONION SEASONING,Tortilla,"Onion, garlic, cream ",11062410,NATURAL,8,YES,COLOMBIA ,6,SEASONING BLEND
SNACKS,CAPSICUM (CWA),"Snacks, tuna ","Hot, Capsicum, wood ",13608823,NATURAL,1,YES,COLOMBIA ,6,POWDER BLEND 
SNACKS,MAYONNAISE & FINE HERBS LOW SALT SEASONI,"Tortilla, extruded","Mayonaisse, basil, herbs ",11142244,NATURAL,9,YES,COLOMBIA ,9,SEASONING BLEND
SNACKS,MAYONESA EN POLVO,"Chips, sauce ","Mayonaisse, mild, mustard ",10639458,NATURAL IDENTICAL ,3,YES,COLOMBIA ,6,POWDER BLEND 
SNACKS,AJI CRIOLLO EN POLVO,"Snacks, Dough pastry ","Garlic, onion, coriander ",13642762,ARTIFICIAL,5,YES,COLOMBIA ,6,SEASONING BLEND
SNACKS,SALT MODULATOR,Plant base ,"Modulator, salt, metalc ",11176982,NATURAL,1.3,YES,COLOMBIA ,12,SEASONING BLEND
SNACKS,MAYONESA CHIPOTLE +20%,Chips,"Mayonnaise, chipotle, onion ",11112149,NATURAL IDENTICAL ,7,YES,COLOMBIA ,9,SEASONING BLEND
SNACKS,CHEDDAR CHEESE,Chips,"Cheese, ranch, onion ",11134271,NATURAL IDENTICAL ,7,YES,COLOMBIA ,9,SEASONING BLEND
SNACKS,HOT BBQ SPICY,Crackers ,"BBQ, sweet, smoky ",11187098,NATURAL IDENTICAL ,7,YES,COLOMBIA ,9,SEASONING BLEND
SNACKS,HOT BBQ SPICY I,Crackers ,"BBQ, spicy hot",11203089,NATURAL IDENTICAL ,7,YES,COLOMBIA ,9,SEASONING BLEND
SNACKS,STRAWBERRY,"Cereal, cookies snacks ","Strawberry, creamy, milky ",13696993,NATURAL IDENTICAL ,0.3,YES,COLOMBIA ,12,CLEAR LIQUID 
CULINARY,BACON,Processed meat/ sauces,"Tiene perfil al butters buds bacon,sabor cárnico agradable.",11114446,NATURAL IDENTICAL ,0.005,TO REVIEW,PERU,12,"SPRAY DRY, NO/LOW FAT"
CULINARY,BACON,Processed meat/ sauces,"Notas mas ahumadas que cárnicas, sabor mas redondo.",10636142,NATURAL IDENTICAL ,0.007,TO REVIEW,PERU,12,LIQUID-NO ALCOHOL
CULINARY,BACON,Processed meat/ sauces,"Sabor cárnico poco ahumado, sabor carne, tostado, ligero sabor a coco, lechoso, aceite de coco + carne.",11104803,NATURAL IDENTICAL ,0.007,TO REVIEW,PERU,9,LIQUID-NO ALCOHOL
CULINARY,CRISPY BACON,Processed meat/ sauces,"Notas a pellejo de cerdo, perfil a chicharron de pickeos snacks, utilizarlo mezclado no solo.",10676243,NATURAL IDENTICAL ,0.15 - 0.5%,TO REVIEW,PERU,12,"SPRAY DRY, NO/LOW FAT"
CULINARY,SMOKE,Processed meat/ sauces,"Perfil a tostado, cárnico, ahumado, amaderado, perfil hickory",11156017,NATURAL,0.06 - 0.15%,TO REVIEW,PERU,12,"SPRAY DRY, NO/LOW FAT"
CULINARY,Hickory smoke,Processed meat/ sauces,"En masa de pollo +sal 1.2g/kg: Quedó rico, ahumado, amaderado.Dosis ok",11188824,NATURAL,0.1 - 0.2%,TO REVIEW,PERU,12,LIQUID-NO ALCOHOL
CULINARY,Smoke wood type,Processed meat/ sauces,"Amaderado,ceniza,grasa,humo,carbón.En masa de pollo +sal 1g/kg:0.40g/Kg Quedó sobredosificado. Quemado,nota  ceniza,pungente. 0.13g/KgNota carnica,carbón. Rico",11215066,NATURAL IDENTICAL ,0.1 - 0.2%,TO REVIEW,Colombia ,12,LIQUID-NO ALCOHOL
CULINARY,BACON,"Hamburger, ketchup, gravy ","Bacon, fatty, smoke ",11104882,NATURAL IDENTICAL ,0.05,TO REVIEW,Colombia ,9,HAZY LIQUID 
CULINARY,HERRING FLAVOR,Processed meat ,"Seafood, umami, succulent ",11194109,NATURAL,0.15,YES,Colombia ,12,POWDER BLEND 
CULINARY,GARLIC POWDER REPLACER 6X,"Boullon, meat, seasonings","Garlic, salt, fresh ",11143126,NATURAL,0.3,YES,Colombia ,12,Powder
PERU PORTFOLIO,DURAZNO 06606,"Yogurt, bebidas lácteas ph neutro",,11212454,NATURAL IDENTICAL ,0.08,YES,PERU,12,LIQUID-CONTAINS ALCOHOL
PERU PORTFOLIO,DURAZNO 05510,"Yogurt, bebidas lácteas ph neutro, gomitas",,11211142,NATURAL IDENTICAL ,0.08,YES,PERU,12,LIQUID-NO ALCOHOL
PERU PORTFOLIO,RON CON PASAS 01302,Lácteos ph neutro,,11210984,ARTIFICIAL,0.1,YES,PERU,12,LIQUID-NO ALCOHOL
PERU PORTFOLIO,VAINILLA 18883,"Yogurt, bebidas lácteas ph neutro",,11211071,ARTIFICIAL,0.1,YES,PERU,12,LIQUID-NO ALCOHOL
PERU PORTFOLIO,LÚCUMA 71383 / ALT:76685,"Yogurt, bebidas lácteas ph neutro",,11196027,ARTIFICIAL,0.12,YES,PERU,12,LIQUID-CONTAINS ALCOHOL
PERU PORTFOLIO,VAINILLA FRANCESA 45209 / ALT:76691,"Yogurt, bebidas lácteas ph neutro",,11195836,ARTIFICIAL,0.1,YES,PERU,12,LIQUID-CONTAINS ALCOHOL
PERU PORTFOLIO,CAKE AMERICANO04305 / ALT:76681,Muffins & Cokies,,11211253,ARTIFICIAL,0.2,YES,PERU,12,LIQUID-CONTAINS ALCOHOL
PERU PORTFOLIO,FRAMBUESA 73038,"Yogurt, bebidas lácteas ph neutro, gomitas, salsas y toppings",,11212460,ARTIFICIAL,0.2,YES,PERU,12,LIQUID-NO ALCOHOL
PERU PORTFOLIO,PANETON BON NATALE 14429 /ALT:76688,"Paneton, bizcochos",,11205716,ARTIFICIAL,0.15-0.20,YES,PERU,12,LIQUID-CONTAINS ALCOHOL
PERU PORTFOLIO,CHOCOLATE BITTER 07945,Lácteos ph neutro,,11214155,ARTIFICIAL,0.1,YES,PERU,12,LIQUID-CONTAINS ALCOHOL
PERU PORTFOLIO,CHOCOLATE 20514 / ALT:76683,Lácteos ph neutro,,11214726,ARTIFICIAL,0.1,YES,PERU,12,LIQUID-CONTAINS ALCOHOL
PERU PORTFOLIO,COCO GALLETERO 07553,Muffins & Cokies,,11215778,ARTIFICIAL,0.2,YES,PERU,12,LIQUID-NO ALCOHOL
PERU PORTFOLIO,MANTEQUILLA HORNEADA 13931,Muffins & Cokies,,11215792,ARTIFICIAL,0.15,YES,PERU,12,LIQUID-CONTAINS ALCOHOL
PERU PORTFOLIO,FRESA 07021,"Yogurt, caramelos duros, gomitas",,11220777,ARTIFICIAL,0.08,YES,PERU,12,LIQUID-CONTAINS ALCOHOL
PERU PORTFOLIO,MARRASQUINO 21198,"Caramelos duros, gomitas",,11215794,NATURAL IDENTICAL ,0.1,YES,PERU,12,LIQUID-NO ALCOHOL
PERU PORTFOLIO,CLAVO CANELA 16107,Lácteos ph neutro,,11215798,NATURAL,0.05,YES,PERU,12,LIQUID-NO ALCOHOL
PERU PORTFOLIO,PINA CRAMELERA 11771,"Caramelos duros, gomitas",,11216759,ARTIFICIAL,0.1,YES,PERU,12,LIQUID-NO ALCOHOL
PERU PORTFOLIO,KOLA AMARILLA 49273,CSD ,,11216819,ARTIFICIAL,0.038,YES,PERU,12,LIQUID-CONTAINS ALCOHOL
PERU PORTFOLIO,BS MANZANA 21530,Barritas de cereal,,11216767,ARTIFICIAL,0.6,YES,PERU,12,LIQUID-CONTAINS ALCOHOL
PERU PORTFOLIO,NARANJA VALENCIA 18172,Muffins & Cokies,,11216817,NATURAL,0.2,YES,PERU,12,LIQUID-NO ALCOHOL
PERU PORTFOLIO,PANETON 12190 / ALT: 76687,"Paneton, bizcocho",,11216818,ARTIFICIAL,0.15-0.20,YES,PERU,12,LIQUID-CONTAINS ALCOHOL
PERU PORTFOLIO,TUTTI FRUTTI 23963 / ALT:76692,"Caramelos duros, gomitas ",,11216822,ARTIFICIAL,0.08,YES,PERU,12,LIQUID-CONTAINS ALCOHOL
PERU PORTFOLIO,MARACUYÁ 75631,"Caramelos duros, gomitas, salsas, toppings",,11196024,NATURAL IDENTICAL ,0.1,YES,PERU,12,LIQUID-NO ALCOHOL
PERU PORTFOLIO,COCO TROPICAL 73262,Yogurt,,11196020,NATURAL IDENTICAL ,0.07,YES,PERU,12,LIQUID-CONTAINS ALCOHOL
PERU PORTFOLIO,ARANDANO 28022,Yogurt,,11195496,NATURAL IDENTICAL ,0.08,YES,PERU,12,LIQUID-CONTAINS ALCOHOL
PERU PORTFOLIO,PINA MADURA 74892,"Caramelos duros, gomitas, salsas, toppings",,11196019,ARTIFICIAL,0.1,YES,PERU,12,LIQUID-CONTAINS ALCOHOL
PERU PORTFOLIO,DURAZNO 71325,"Yogurt, caramelos duros, gomitas",,11195516,ARTIFICIAL,0.08,YES,PERU,12,LIQUID-NO ALCOHOL
PERU PORTFOLIO,VAINILLA CARAMEL 76629,"Yogurt, lácteos ph neutro",,11196029,NATURAL,0.1,YES,PERU,12,LIQUID-NO ALCOHOL
PERU PORTFOLIO,JUGO SURTIDO 76703,Bebida de fruta ,,11213253,ARTIFICIAL,0.03-0.06,YES,PERU,12,LIQUID-CONTAINS ALCOHOL
PERU PORTFOLIO,NARANJA 22529,Muffins & Cokies,,11198162,NATURAL,0.2,YES,PERU,24,LIQUID-NO ALCOHOL
PERU PORTFOLIO,APPLE ICE FLAVOR 28284 / ALT:76680,"bebida rehidratante, aguas saborizadas ",,11207381,ARTIFICIAL,0.06,YES,PERU,12,LIQUID-CONTAINS ALCOHOL
PERU PORTFOLIO,COOKIES AND CREAM 75432,Muffins & Cokies,,11199825,NATURAL IDENTICAL ,0.2,YES,PERU,12,LIQUID-CONTAINS ALCOHOL
PERU PORTFOLIO,MANGO 75903,"Yogurt, lácteos ph neutro",,11219533,NATURAL IDENTICAL ,0.12,YES,PERU,12,LIQUID-CONTAINS ALCOHOL
PERU PORTFOLIO,STRAWBERRY JAMMY FLAVOR NE1366291 77067,"Yogurt, lácteos ph neutro, caramelos duros, gomitas",,CREAR CLON ES NE,NATURAL IDENTICAL ,0.1,YES,PERU,12,LIQUID-CONTAINS ALCOHOL
PERU PORTFOLIO,VAINILLA FLAVOR NE1271908 76749,"Yogurt, lácteos ph neutro",,CREAR CLON ES NE,NATURAL IDENTICAL ,0.1,YES,PERU,12,LIQUID-NO ALCOHOL
PERU PORTFOLIO,VAINILLA FLAVOR 76576,"Yogurt, lácteos ph neutro",,,NATURAL IDENTICAL ,0.1,YES,PERU,12,LIQUID
PERU PORTFOLIO,PINA ARANDANO 76674,"Yogurt, lácteos ph neutro",,,ARTIFICIAL,0.08,YES,PERU,12,LIQUID
PERU PORTFOLIO,POP CORN DULCE 69408,"Yogurt, lácteos ph neutro",,,ARTIFICIAL,0.1,YES,PERU,12,LIQUID
PERU PORTFOLIO,PYE LIMON HORNEADO 74536,"Yogurt, lácteos ph neutro",,,ARTIFICIAL,0.08,YES,PERU,12,LIQUID
PERU PORTFOLIO,PINA COCO 76874,"Yogurt, lácteos ph neutro",,,ARTIFICIAL,0.08,YES,PERU,12,LIQUID
PERU PORTFOLIO,SABOR PANETON 76809,"Paneton, bizcocho",,,,0.15-0.20,YES,PERU,,
PERU PORTFOLIO,SABOR MORA 76852,"Yogurt, lácteos ph neutro",,,ARTIFICIAL,0.07,YES,PERU,12,LIQUID
PERU PORTFOLIO,MIEL DE TURRON 77073,Relleno graso,,,ARTIFICIAL,0.4,YES,PERU,12,OPAQUE LIQUID
PERU PORTFOLIO,FRUTOS ROJOS 76978,"Yogurt, lácteos ph neutro",,,,0.08,YES,PERU,,
PERU PORTFOLIO,CHEESECAKE MARACUYA 77049,"Yogurt, lácteos ph neutro",,,ARTIFICIAL,0.1,YES,PERU,12,LIQUID
PERU PORTFOLIO,MANJARBLANCO 76961,"Caramelos duros, manjarblanco",,,ARTIFICIAL,0.1,YES,PERU,12,LIQUID
PERU PORTFOLIO,CHICHA MORADA CONCENTRADA 76387,"Caramelos duros, bebidas",,,ARTIFICIAL,,YES,PERU,12,LIQUID
NATURAL COLORS,NC 28250,muffins & cookies,yellow type 5,11201347,NATURAL,0.015,TO REVIEW,PERU,12,LIQUID
NATURAL COLORS,NC 47976,cookies,PINK,00039726,NATURAL,0.2,TO REVIEW,PERU,12,LIQUID
NATURAL COLORS,NC 28250,Ice cream,Perfil piña  tipo amarillo 5,11201347,Curcumin solution,0.1,TO REVIEW,PERU,12,LIQUID
NATURAL COLORS,NC 47876,"Ice cream, yogurt",perfil fresa,00039726,Carmine solution,0.08,TO REVIEW,PERU,12,LIQUID
NATURAL COLORS,NC 29185,"Ice cream, yogurt, sweet sauces, candied fruit",Perfil a fresa natural,00039715,Carmine solution,0.05,YES,PERU,12,LIQUID
NATURAL COLORS,MTB 23280,Yogurt,Perfil durazno ,00136120,Annato solution,0.03,YES,PERU,12,LIQUID
NATURAL COLORS,NC 61174,soft & hard candies,perfil anaranajado tipo amarillo 6,00039577,Carminic acid solution,0.035,TO REVIEW,PERU,6,LIQUID
NATURAL COLORS,MTC 24459,processed meat,sausages  ,00C00249,NATURAL,0.01-0.02%,TO REVIEW,PERU,24,POWDER
NATURAL COLORS,MTC 39308,processed meat,sausages  ,00136269,NATURAL,0.01-0.02%,TO REVIEW,PERU,24,POWDER
NATURAL COLORS,NC 29185,processed meat,sausages / fresh sausages,00039715,NATURAL,0.05-0.1%,YES,PERU,12,LIQUID
NATURAL COLORS,NC 44607,processed meat,SAUSAGES,00039881,NATURAL,0.05-0.1%,TO REVIEW,PERU,12,POWDER
